terminal_city,result_category,best_known_feasible_cost_s,distance_m,city_order,actual_first_hit_order,failure_reason,failing_transition_or_state,provenance
Łódź,TIMEOUT,,,Warszawa -> Olsztyn -> Zielona Góra -> Opole -> Wrocław -> Gorzów Wielkopolski -> Gdańsk -> Kielce -> Kraków -> Lublin -> Bydgoszcz -> Białystok -> Szczecin -> Katowice -> Poznań -> Toruń -> Rzeszów -> Łódź,Warszawa,fixed-order search exceeded 0.250s,expanded_labels=14813,"{""algorithm"":""fixed_order_product_graph_search"",""stage"":""Stage 3 upper-bound fixed-order evaluation"",""expanded_labels"":14813}"
Kielce,TIMEOUT,,,Warszawa -> Olsztyn -> Zielona Góra -> Opole -> Wrocław -> Łódź -> Gorzów Wielkopolski -> Gdańsk -> Kraków -> Lublin -> Bydgoszcz -> Białystok -> Szczecin -> Katowice -> Poznań -> Toruń -> Rzeszów -> Kielce,Warszawa,fixed-order search exceeded 0.250s,expanded_labels=13021,"{""algorithm"":""fixed_order_product_graph_search"",""stage"":""Stage 3 upper-bound fixed-order evaluation"",""expanded_labels"":13021}"
Lublin,TIMEOUT,,,Warszawa -> Olsztyn -> Zielona Góra -> Opole -> Wrocław -> Łódź -> Gorzów Wielkopolski -> Gdańsk -> Kielce -> Kraków -> Bydgoszcz -> Białystok -> Szczecin -> Katowice -> Poznań -> Toruń -> Rzeszów -> Lublin,Warszawa,fixed-order search exceeded 0.250s,expanded_labels=17021,"{""algorithm"":""fixed_order_product_graph_search"",""stage"":""Stage 3 upper-bound fixed-order evaluation"",""expanded_labels"":17021}"
Rzeszów,TIMEOUT,,,Warszawa -> Olsztyn -> Zielona Góra -> Opole -> Wrocław -> Łódź -> Gorzów Wielkopolski -> Gdańsk -> Kielce -> Kraków -> Lublin -> Bydgoszcz -> Białystok -> Szczecin -> Katowice -> Poznań -> Toruń -> Rzeszów,Warszawa,fixed-order search exceeded 0.250s,expanded_labels=4989,"{""algorithm"":""fixed_order_product_graph_search"",""stage"":""Stage 3 upper-bound fixed-order evaluation"",""expanded_labels"":4989,""scheduled_result_reused_from"":""deterministic-random-restart-0""}"
Kraków,TIMEOUT,,,Warszawa -> Olsztyn -> Zielona Góra -> Opole -> Wrocław -> Łódź -> Gorzów Wielkopolski -> Gdańsk -> Kielce -> Lublin -> Bydgoszcz -> Białystok -> Szczecin -> Katowice -> Poznań -> Toruń -> Rzeszów -> Kraków,Warszawa,fixed-order search exceeded 0.250s,expanded_labels=20861,"{""algorithm"":""fixed_order_product_graph_search"",""stage"":""Stage 3 upper-bound fixed-order evaluation"",""expanded_labels"":20861}"
Katowice,TIMEOUT,,,Warszawa -> Olsztyn -> Zielona Góra -> Opole -> Wrocław -> Łódź -> Gorzów Wielkopolski -> Gdańsk -> Kielce -> Kraków -> Lublin -> Bydgoszcz -> Białystok -> Szczecin -> Poznań -> Toruń -> Rzeszów -> Katowice,Warszawa,fixed-order search exceeded 0.250s,expanded_labels=8605,"{""algorithm"":""fixed_order_product_graph_search"",""stage"":""Stage 3 upper-bound fixed-order evaluation"",""expanded_labels"":8605}"
Opole,TIMEOUT,,,Warszawa -> Olsztyn -> Zielona Góra -> Wrocław -> Łódź -> Gorzów Wielkopolski -> Gdańsk -> Kielce -> Kraków -> Lublin -> Bydgoszcz -> Białystok -> Szczecin -> Katowice -> Poznań -> Toruń -> Rzeszów -> Opole,Warszawa,fixed-order search exceeded 0.250s,expanded_labels=16733,"{""algorithm"":""fixed_order_product_graph_search"",""stage"":""Stage 3 upper-bound fixed-order evaluation"",""expanded_labels"":16733}"
Wrocław,TIMEOUT,,,Warszawa -> Olsztyn -> Zielona Góra -> Opole -> Łódź -> Gorzów Wielkopolski -> Gdańsk -> Kielce -> Kraków -> Lublin -> Bydgoszcz -> Białystok -> Szczecin -> Katowice -> Poznań -> Toruń -> Rzeszów -> Wrocław,Warszawa,fixed-order search exceeded 0.250s,expanded_labels=11709,"{""algorithm"":""fixed_order_product_graph_search"",""stage"":""Stage 3 upper-bound fixed-order evaluation"",""expanded_labels"":11709}"
Zielona Góra,TIMEOUT,,,Warszawa -> Olsztyn -> Opole -> Wrocław -> Łódź -> Gorzów Wielkopolski -> Gdańsk -> Kielce -> Kraków -> Lublin -> Bydgoszcz -> Białystok -> Szczecin -> Katowice -> Poznań -> Toruń -> Rzeszów -> Zielona Góra,Warszawa,fixed-order search exceeded 0.250s,expanded_labels=15709,"{""algorithm"":""fixed_order_product_graph_search"",""stage"":""Stage 3 upper-bound fixed-order evaluation"",""expanded_labels"":15709}"
Gorzów Wielkopolski,TIMEOUT,,,Warszawa -> Olsztyn -> Zielona Góra -> Opole -> Wrocław -> Łódź -> Gdańsk -> Kielce -> Kraków -> Lublin -> Bydgoszcz -> Białystok -> Szczecin -> Katowice -> Poznań -> Toruń -> Rzeszów -> Gorzów Wielkopolski,Warszawa,fixed-order search exceeded 0.250s,expanded_labels=15613,"{""algorithm"":""fixed_order_product_graph_search"",""stage"":""Stage 3 upper-bound fixed-order evaluation"",""expanded_labels"":15613}"
Szczecin,FEASIBLE,244206.5,2738447.54,Warszawa -> Łódź -> Toruń -> Bydgoszcz -> Gdańsk -> Olsztyn -> Białystok -> Lublin -> Rzeszów -> Kielce -> Kraków -> Katowice -> Opole -> Wrocław -> Poznań -> Zielona Góra -> Gorzów Wielkopolski -> Szczecin,Warszawa -> Łódź -> Toruń -> Bydgoszcz -> Gdańsk -> Olsztyn -> Białystok -> Lublin -> Rzeszów -> Kielce -> Kraków -> Katowice -> Opole -> Wrocław -> Poznań -> Zielona Góra -> Gorzów Wielkopolski -> Szczecin,,,"{""algorithm"":""weighted_astar_feasible_path"",""expanded_labels"":11063880,""heuristic"":""visit_region_bbox_gap_at_frozen_90_kmh"",""heuristic_weight"":1000.0,""stage"":""Stage 3 upper-bound fixed-order evaluation"",""independent_checker_wall_s"":1.868161,""independent_checker_distance_delta_m"":27138.943,""tentative_search_duration_s"":256893.2,""tentative_search_distance_m"":2765586.483,""scheduled_result_reused_from"":""B""}"
Poznań,TIMEOUT,,,Warszawa -> Olsztyn -> Zielona Góra -> Opole -> Wrocław -> Łódź -> Gorzów Wielkopolski -> Gdańsk -> Kielce -> Kraków -> Lublin -> Bydgoszcz -> Białystok -> Szczecin -> Katowice -> Toruń -> Rzeszów -> Poznań,Warszawa,fixed-order search exceeded 0.250s,expanded_labels=12221,"{""algorithm"":""fixed_order_product_graph_search"",""stage"":""Stage 3 upper-bound fixed-order evaluation"",""expanded_labels"":12221}"
Bydgoszcz,TIMEOUT,,,Warszawa -> Olsztyn -> Zielona Góra -> Opole -> Wrocław -> Łódź -> Gorzów Wielkopolski -> Gdańsk -> Kielce -> Kraków -> Lublin -> Białystok -> Szczecin -> Katowice -> Poznań -> Toruń -> Rzeszów -> Bydgoszcz,Warszawa,fixed-order search exceeded 0.250s,expanded_labels=8509,"{""algorithm"":""fixed_order_product_graph_search"",""stage"":""Stage 3 upper-bound fixed-order evaluation"",""expanded_labels"":8509}"
Toruń,TIMEOUT,,,Warszawa -> Olsztyn -> Zielona Góra -> Opole -> Wrocław -> Łódź -> Gorzów Wielkopolski -> Gdańsk -> Kielce -> Kraków -> Lublin -> Bydgoszcz -> Białystok -> Szczecin -> Katowice -> Poznań -> Rzeszów -> Toruń,Warszawa,fixed-order search exceeded 0.250s,expanded_labels=15645,"{""algorithm"":""fixed_order_product_graph_search"",""stage"":""Stage 3 upper-bound fixed-order evaluation"",""expanded_labels"":15645}"
Gdańsk,TIMEOUT,,,Warszawa -> Olsztyn -> Zielona Góra -> Opole -> Wrocław -> Łódź -> Gorzów Wielkopolski -> Kielce -> Kraków -> Lublin -> Bydgoszcz -> Białystok -> Szczecin -> Katowice -> Poznań -> Toruń -> Rzeszów -> Gdańsk,Warszawa,fixed-order search exceeded 0.250s,expanded_labels=10717,"{""algorithm"":""fixed_order_product_graph_search"",""stage"":""Stage 3 upper-bound fixed-order evaluation"",""expanded_labels"":10717}"
Olsztyn,TIMEOUT,,,Warszawa -> Zielona Góra -> Opole -> Wrocław -> Łódź -> Gorzów Wielkopolski -> Gdańsk -> Kielce -> Kraków -> Lublin -> Bydgoszcz -> Białystok -> Szczecin -> Katowice -> Poznań -> Toruń -> Rzeszów -> Olsztyn,Warszawa,fixed-order search exceeded 0.250s,expanded_labels=5853,"{""algorithm"":""fixed_order_product_graph_search"",""stage"":""Stage 3 upper-bound fixed-order evaluation"",""expanded_labels"":5853}"
Białystok,FEASIBLE,239029.1,2793456.866,Warszawa -> Łódź -> Kielce -> Lublin -> Rzeszów -> Kraków -> Katowice -> Opole -> Wrocław -> Zielona Góra -> Gorzów Wielkopolski -> Szczecin -> Poznań -> Bydgoszcz -> Toruń -> Gdańsk -> Olsztyn -> Białystok,Warszawa -> Łódź -> Kielce -> Lublin -> Rzeszów -> Kraków -> Katowice -> Opole -> Wrocław -> Zielona Góra -> Gorzów Wielkopolski -> Szczecin -> Poznań -> Bydgoszcz -> Toruń -> Gdańsk -> Olsztyn -> Białystok,,,"{""algorithm"":""weighted_astar_feasible_path"",""expanded_labels"":9417475,""heuristic"":""visit_region_bbox_gap_at_frozen_90_kmh"",""heuristic_weight"":1000.0,""stage"":""Stage 3 upper-bound fixed-order evaluation"",""independent_checker_wall_s"":2.199155,""independent_checker_distance_delta_m"":23645.156,""tentative_search_duration_s"":252091.7,""tentative_search_distance_m"":2817102.022,""scheduled_result_reused_from"":""A""}"
